45990250W,281234567840,Juan,Martín,Pascual,666555444,Terrassa,8226,Pablo Picaso,45,Segona,Primera
45872365S,012345678939,Maria,Garcia,Luque,961247845,Barcelona,8001,Plaça Catalunya,78,Quarta,Segona
45990250W,281234567840,Juan,Martín,Pascual,666555444,Terrassa,8226,Pablo Picaso,45,Segona,Primera
45872365S,012345678939,Maria,Garcia,Luque,961247845,Barcelona,8001,Plaça Catalunya,78,Quarta,Segona
45990250W,281234567840,Juan,Martín,Pascual,666555444,Terrassa,8226,Pablo Picaso,45,Segona,Primera
45872365S,012345678939,Maria,Garcia,Luque,961247845,Barcelona,8001,Plaça Catalunya,78,Quarta,Segona
45990250W,281234567840,Juan,Martín,Pascual,666555444,Terrassa,8226,Pablo Picaso,45,Segona,Primera
45872365S,012345678939,Maria,Garcia,Luque,961247845,Barcelona,8001,Plaça Catalunya,78,Quarta,Segona
45990250W,281234567840,Juan,Martín,Pascual,666555444,Terrassa,8226,Pablo Picaso,45,Segona,Primera
45872365S,012345678939,Maria,Garcia,Luque,961247845,Barcelona,8001,Plaça Catalunya,78,Quarta,Segona
